Functions,y
P01,0.0
P02,0.0
P03,-1
P04,0.0
P05, at d = 2: f(x*) = -1.8013 at x* = (2.20 1.57) at d = 5: f(x*) = -4.687658 at d = 10: f(x*) = -9.66015
P06,
P07,0.0
P08,0.0
P09,0.0
P10,0.0
