Functions,y,t
P01,0.0,1.5130601167678832
P02,0.0,1.3354840755462647
P03,-1.0,1.3663711309432984
P04,0.031164856674817054,1.3504040718078614
P05,-2.946598986547503,1.458895993232727
P07,7.0,1.5506346225738525
P08,0.0,1.354268980026245
P09,0.03871246716824034,1.3333924531936645
P10,-3.9127856883670176,1.3645228385925292
