Functions,y,t
P01,1.7111871278556592,1.6149982452392577
P02,0.7233600241796017,1.3625724077224732
P03,-1.0,1.2859936475753784
P04,0.023510585308394893,1.235774779319763
P05,-2.946123872834618,1.2220436573028564
P07,3.0,1.153584623336792
P08,0.0,1.2158050060272216
P09,0.0,1.317600679397583
P10,-3.9337456577360697,1.2320651054382323
